{
    "result": {
        "FRA18": {
            "heading": 174,
            "rank": 1,
            "sail": "FRA18",
            "timestamp": 1489208400,
            "lat_dec": 46.502272,
            "lon_dec": -1.790226,
            "1hour_heading": 0,
            "1hour_speed": 0,
            "1hour_vmg": 0,
            "1hour_distance": 0,
            "lastreport_heading": 0,
            "lastreport_speed": 0,
            "lastreport_vmg": 0,
            "lastreport_distance": 0,
            "24hour_heading": 0,
            "24hour_speed": 0,
            "24hour_vmg": 0,
            "24hour_distance": 0,
            "dtf": 0,
            "dtl": 0,
            "dtp": 0,
            "darksky_twd": "-",
            "darksky_tws": "-",
            "darksky_air": "-",
            "finished": "true",
            "total_time": "74d 03h 35min 46s",
            "track": [
                [
                    46.0833333333,
                    -3.095
                ],
                [
                    45.6702777778,
                    -4.35666666667
                ],
                [
                    44.5063888889,
                    -6.975
                ],
                [
                    43.9216666667,
                    -8.39416666667
                ],
                [
                    43.395,
                    -9.15416666667
                ],
                [
                    42.7519444444,
                    -9.82055555556
                ],
                [
                    42.1961111111,
                    -10.6541666667
                ],
                [
                    41.4177777778,
                    -11.6663888889
                ],
                [
                    40.2736111111,
                    -12.9677777778
                ],
                [
                    39.8872222222,
                    -13.6791666667
                ],
                [
                    39.6094444444,
                    -13.8930555556
                ],
                [
                    39.2536111111,
                    -14.1636111111
                ],
                [
                    38.7052777778,
                    -14.5086111111
                ],
                [
                    37.7972222222,
                    -15.1430555556
                ],
                [
                    36.2969444444,
                    -16.0886111111
                ],
                [
                    35.6466666667,
                    -16.7894444444
                ],
                [
                    35.4427777778,
                    -17.0416666667
                ],
                [
                    35.0619444444,
                    -17.4816666667
                ],
                [
                    34.7294444444,
                    -18.0238888889
                ],
                [
                    34.2888888889,
                    -18.7463888889
                ],
                [
                    33.0644444444,
                    -18.7925
                ],
                [
                    32.2513888889,
                    -18.8563888889
                ],
                [
                    31.6713888889,
                    -18.8691666667
                ],
                [
                    31.0358333333,
                    -19.1147222222
                ],
                [
                    30.3522222222,
                    -19.5277777778
                ],
                [
                    29.3366666667,
                    -20.1108333333
                ],
                [
                    27.37,
                    -21.0538888889
                ],
                [
                    26.3138888889,
                    -21.44
                ],
                [
                    25.5269444444,
                    -21.8838888889
                ],
                [
                    24.6716666667,
                    -22.3902777778
                ],
                [
                    23.8538888889,
                    -22.8505555556
                ],
                [
                    22.7197222222,
                    -23.4197222222
                ],
                [
                    20.6688888889,
                    -24.4644444444
                ],
                [
                    19.4338888889,
                    -24.8516666667
                ],
                [
                    18.485,
                    -25.0830555556
                ],
                [
                    17.5627777778,
                    -25.3613888889
                ],
                [
                    17.2275,
                    -26.0622222222
                ],
                [
                    16.2333333333,
                    -26.2416666667
                ],
                [
                    14.0144444444,
                    -26.73
                ],
                [
                    13.0286111111,
                    -26.8380555556
                ],
                [
                    12.1786111111,
                    -26.945
                ],
                [
                    11.3244444444,
                    -27.0322222222
                ],
                [
                    10.4713888889,
                    -27.0925
                ],
                [
                    9.47222222222,
                    -27.2066666667
                ],
                [
                    8.03611111111,
                    -27.6505555556
                ],
                [
                    7.345,
                    -27.8072222222
                ],
                [
                    6.99944444444,
                    -28.0908333333
                ],
                [
                    6.8025,
                    -28.2108333333
                ],
                [
                    6.16722222222,
                    -28.2172222222
                ],
                [
                    5.31277777778,
                    -28.1236111111
                ]
            ]
        }
    }
}